age_first_funding_year,age_first_milestone_year,age_last_funding_year,age_last_milestone_year,avg_participants,funding_rounds,funding_total_usd,has_VC,has_angel,has_roundA,has_roundB,has_roundC,has_roundD,is_CA,is_MA,is_NY,is_TX,is_otherstate,milestones,relationships,labels
10.42,8.98,13.09,12.72,1.0,3,4087500,1,1,0,0,0,0,1,0,0,0,0,3,4,0
3.79,2.785,3.79,4.62,1.0,1,45000000,0,0,0,1,0,0,0,0,1,0,0,0,21,1
0.71,1.95,2.28,2.28,1.0,2,5200000,1,0,1,0,0,0,1,0,0,0,0,2,5,0
3.0,9.62,5.0,10.39,2.0,2,14500000,0,1,0,1,0,0,0,1,0,0,0,2,16,1
0.66,6.21,5.88,8.61,2.8,5,70000000,0,0,1,1,1,1,1,0,0,0,0,4,29,1
1.09,2.785,1.09,4.62,4.0,1,20500000,1,0,0,0,0,0,0,0,0,0,1,0,5,0
0.65,2.785,0.65,4.62,1.0,1,900000,0,0,1,0,0,0,1,0,0,0,0,0,3,0
0.34,3.0,5.22,6.03,3.0,4,48730000,1,0,1,1,1,0,0,1,0,0,0,3,5,1
0.0,0.74,0.0,0.74,2.0,1,50000,0,1,0,0,0,0,1,0,0,0,0,1,2,0
0.08,3.66,4.33,5.61,3.1667,7,88651133,1,1,1,1,1,1,0,0,1,0,0,5,12,1
0.75,3.92,3.07,4.5,3.6667,3,2000000,0,1,0,0,0,0,1,0,0,0,0,2,16,1
1.65,2.17,1.25,4.6,4.0,2,6000000,0,1,1,0,0,0,1,0,0,0,0,2,21,1
1.28,2.16,2.01,3.44,4.0,2,5700000,0,0,1,1,0,0,1,0,0,0,0,3,12,1
0.0,0.33,0.0,0.33,6.0,1,1500000,0,0,0,0,0,0,0,0,1,0,0,1,2,0
2.24,2.785,4.03,4.62,2.5,2,16100000,0,0,0,1,1,0,0,1,0,0,0,0,3,1
0.0,2.785,0.0,4.62,4.0,1,5675000,1,0,0,0,0,0,1,0,0,0,0,2,21,1
0.25,1.12,0.25,1.66,1.0,1,3000000,0,0,1,0,0,0,0,1,0,0,0,2,9,1
0.22,0.04,2.05,3.92,1.5,4,3499997,1,0,1,0,0,0,0,0,1,0,0,3,8,1
0.75,4.32,7.82,5.9,1.3333,7,26390819,1,0,1,1,0,0,0,0,0,0,1,3,16,0
1.65,0.32,1.23,1.3,3.0,2,1400000,0,1,0,0,0,0,1,0,0,0,0,2,4,1
2.42,2.0,5.44,2.0,3.5,3,26100000,1,0,0,1,0,0,1,0,0,0,0,1,2,1
3.6,8.59,7.93,9.11,4.5,3,21460663,0,0,0,1,1,1,0,0,0,0,1,2,1,1
2.21,2.785,4.65,4.62,2.0,2,20000000,1,0,0,0,1,0,0,0,0,1,0,1,1,1
1.46,6.42,6.39,6.42,5.0,3,58000000,0,0,1,1,1,0,1,0,0,0,0,1,4,1
1.16,3.27,3.04,5.54,3.5,2,57000000,0,0,1,1,0,0,1,0,0,0,0,2,7,1
1.59,1.19,1.59,2.55,2.0,1,3000000,0,0,1,0,0,0,1,0,0,0,0,2,6,1
1.59,2.785,3.18,4.62,2.0,3,24150000,1,0,1,1,0,0,0,0,0,0,1,0,1,1
1.42,4.42,3.33,9.82,3.5,2,36000000,0,0,1,1,0,0,1,0,0,0,0,3,11,1
4.3,2.785,4.3,4.62,1.0,1,2600000,0,0,1,0,0,0,0,0,0,0,1,0,0,0
1.25,2.59,1.25,2.59,1.0,1,1500000,0,0,0,0,0,0,1,0,0,0,0,1,6,0
4.04,6.0,4.04,6.0,1.0,1,20000000,0,0,1,0,0,0,0,0,1,0,0,1,10,1
1.65,0.59,0.63,3.01,5.0,2,2535000,0,1,1,0,0,0,1,0,0,0,0,2,8,1
0.16,3.16,1.5,5.55,1.0,2,3500000,0,1,1,0,0,0,1,0,0,0,0,2,6,1
0.86,3.0,2.93,3.0,2.0,3,19000000,0,0,1,1,0,0,1,0,0,0,0,1,4,1
5.2,8.01,8.12,8.01,2.5,2,10000000,1,0,0,0,1,0,0,1,0,0,0,1,2,0
1.24,1.0,4.97,1.0,2.0,5,13130000,1,0,1,0,0,0,0,1,0,0,0,1,1,0
1.65,2.785,3.61,4.62,1.0,1,8500000,1,0,0,0,0,0,0,0,0,0,1,0,3,0
0.04,1.76,2.13,4.87,2.0,3,5600000,0,0,1,1,0,0,0,0,1,0,0,4,9,1
1.25,2.25,1.88,3.22,2.5,2,1020000,0,1,1,0,0,0,1,0,0,0,0,2,4,1
4.37,4.0,9.36,9.36,2.6667,3,24510540,1,0,1,1,0,0,1,0,0,0,0,2,5,1
3.21,5.25,3.21,7.88,2.0,1,10000000,0,0,0,0,0,1,1,0,0,0,0,2,11,1
0.04,2.28,1.59,4.39,2.0,2,10000000,0,0,1,0,0,0,0,0,0,0,1,2,4,1
5.64,4.25,5.64,4.25,4.0,1,10500000,0,0,0,0,0,1,0,1,0,0,0,1,3,1
0.67,3.03,2.08,4.29,2.6667,3,10000000,0,1,1,1,0,0,1,0,0,0,0,3,23,1
1.8,1.92,1.8,1.92,8.0,1,1100000,0,1,0,0,0,0,0,0,1,0,0,1,8,1
7.51,0.42,9.95,0.42,5.6667,5,51450000,1,0,0,0,0,1,1,0,0,0,0,1,3,1
2.12,2.0,6.02,6.51,1.6667,3,21900000,1,0,1,1,0,0,0,1,0,0,0,2,5,1
1.16,2.785,7.5,4.62,2.0,4,19000000,0,0,1,1,1,0,1,0,0,0,0,0,5,1
1.65,0.05,3.61,0.05,1.0,1,150000,0,1,0,0,0,0,0,0,1,0,0,1,1,0
0.19,1.36,1.19,1.66,9.5,2,1155000,0,1,0,0,0,0,1,0,0,0,0,2,6,1
0.82,2.785,0.82,4.62,1.0,1,2000000,0,0,0,0,0,0,1,0,0,0,0,0,0,0
1.0,6.53,6.45,7.01,7.5,4,108900000,0,0,1,1,1,0,1,0,0,0,0,2,28,1
1.97,2.25,3.19,2.25,2.5,2,12800000,0,0,1,1,0,0,1,0,0,0,0,1,5,1
2.48,5.59,4.82,11.95,4.0,2,61500000,0,0,0,1,0,1,1,0,0,0,0,3,21,1
0.07,2.785,4.39,4.62,4.75,4,69900000,0,1,1,0,1,1,0,0,0,0,1,0,15,1
4.65,6.01,8.13,6.01,1.0,4,7210210,1,0,1,1,0,0,1,0,0,0,0,1,4,1
1.65,0.83,3.61,0.83,1.0,1,2000000,0,0,0,0,0,0,1,0,0,0,0,1,1,0
2.5,3.09,2.83,3.49,1.0,2,28000000,0,0,1,1,0,0,1,0,0,0,0,3,13,0
2.92,2.0,4.92,12.51,1.0,2,16000000,0,0,1,1,0,0,0,1,0,0,0,5,6,1
0.0,2.43,2.43,2.5,4.0,2,9030000,0,1,1,0,0,0,0,0,1,0,0,2,8,0
1.16,3.0,4.16,8.92,1.3333,4,33000000,0,0,1,1,1,1,1,0,0,0,0,4,19,1
5.44,2.785,5.44,4.62,3.0,1,1000000,0,0,1,0,0,0,0,0,0,0,1,0,1,0
5.08,4.76,5.08,6.05,1.0,1,5000000,0,0,1,0,0,0,1,0,0,0,0,2,7,1
0.0,3.33,2.75,5.24,1.0,2,20000000,0,0,1,1,0,0,0,1,0,0,0,2,9,1
0.42,3.13,1.47,4.14,3.5,2,7500000,0,0,1,0,0,0,1,0,0,0,0,3,12,1
1.14,2.46,3.74,3.22,3.0,3,14229998,0,0,1,1,0,0,1,0,0,0,0,3,14,1
4.37,2.785,4.37,4.62,3.0,1,662000,0,0,1,0,0,0,0,0,0,0,1,0,0,0
0.92,2.58,2.49,5.38,3.3333,3,22400000,1,0,1,1,0,0,0,0,0,0,1,3,18,1
0.0,2.785,0.0,4.62,2.0,1,45000000,0,0,0,0,0,0,0,0,0,0,1,0,1,0
2.82,0.0,2.82,2.82,1.0,1,20000000,0,0,1,0,0,0,0,0,0,0,1,2,1,0
0.33,2.785,0.33,4.62,1.0,1,20000,0,1,0,0,0,0,0,0,0,0,1,1,3,0
0.0,3.72,4.8,7.62,3.0,4,33000000,0,0,1,1,1,0,0,0,0,0,1,5,26,1
11.15,2.785,11.15,4.62,7.0,1,18000000,0,0,0,1,0,0,0,0,0,0,1,0,0,0
4.03,2.785,4.08,4.62,1.0,2,2257464,1,0,0,0,0,0,0,0,0,0,1,0,3,0
1.75,1.0,1.75,2.11,6.0,1,575000,0,1,0,0,0,0,0,0,1,0,0,2,4,1
3.72,2.785,3.72,4.62,3.0,1,4000000,0,0,0,1,0,0,1,0,0,0,0,0,1,0
1.65,4.95,5.01,7.37,2.5,4,19100000,0,0,1,1,1,0,0,1,0,0,0,6,23,1
1.78,2.31,2.39,4.63,4.0,2,76000000,0,0,1,0,0,0,1,0,0,0,0,3,37,1
5.16,2.785,6.01,4.62,1.0,3,25131611,1,0,0,1,0,0,0,0,0,0,1,0,1,1
4.24,2.785,4.24,4.62,6.0,1,50000000,0,0,0,0,0,1,1,0,0,0,0,0,1,1
1.34,1.35,1.34,1.35,2.0,1,2000000,0,0,1,0,0,0,1,0,0,0,0,1,3,1
0.17,0.61,2.65,4.75,2.3333,3,1822922,0,1,1,0,0,0,1,0,0,0,0,3,10,1
3.65,2.785,3.65,4.62,4.0,1,21000000,0,0,0,0,1,0,1,0,0,0,0,0,2,0
6.55,5.0,8.6,5.0,2.5,3,26200000,1,0,0,0,1,0,1,0,0,0,0,1,4,1
0.0,2.02,3.45,3.98,3.0,4,36000000,0,0,1,1,1,1,1,0,0,0,0,3,9,1
3.92,10.75,9.3,10.75,2.0,2,24500000,1,0,1,0,0,0,1,0,0,0,0,1,10,1
0.79,3.05,2.9,6.52,4.0,2,2750000,0,1,1,0,0,0,1,0,0,0,0,3,11,1
1.11,0.0,1.94,1.11,1.5,2,4100000,0,0,1,0,0,0,0,0,0,1,0,2,3,1
1.48,2.25,2.25,2.25,1.0,2,4000000,1,0,0,0,0,0,1,0,0,0,0,1,6,1
5.63,8.5,8.76,8.76,5.6,5,122500000,1,0,0,0,1,1,0,0,0,0,1,2,9,1
1.0,2.785,2.71,4.62,1.0,2,12000000,0,0,1,1,0,0,0,0,1,0,0,0,1,0
7.53,10.73,7.53,10.73,5.0,1,30000000,1,0,0,0,0,0,0,0,1,0,0,1,2,1
4.28,2.785,4.28,4.62,2.0,1,9000000,0,0,0,0,0,1,0,0,0,1,0,0,4,0
4.16,5.58,4.16,11.39,4.0,2,24700000,0,0,1,1,0,0,1,0,0,0,0,5,5,1
0.36,0.38,0.36,0.54,1.0,1,100000,0,1,0,0,0,0,1,0,0,0,0,3,9,0
0.0,5.0,5.3,5.0,2.25,4,34700000,1,0,1,1,0,0,1,0,0,0,0,1,17,1
5.47,8.84,8.95,8.95,5.3333,3,19000000,1,0,0,1,1,0,0,0,0,1,0,2,4,1
3.06,2.785,5.01,4.62,4.3333,4,89400001,1,0,1,1,0,0,1,0,0,0,0,0,2,1
6.44,10.01,9.0,10.01,3.0,3,32000000,0,0,0,0,0,1,1,0,0,0,0,1,10,1
6.33,7.17,7.53,10.93,2.3333,3,17400000,0,0,1,1,0,0,1,0,0,0,0,3,8,1
3.47,2.0,3.47,2.0,4.0,1,30000000,0,0,0,1,0,0,1,0,0,0,0,1,3,1
5.57,5.61,8.53,7.84,1.5,3,36300000,1,0,0,0,1,0,1,0,0,0,0,2,3,0
4.32,2.785,5.83,4.62,3.0,2,16000000,0,0,1,1,0,0,0,1,0,0,0,0,1,0
1.06,2.785,5.7,4.62,4.5,3,44000000,0,0,0,1,1,0,1,0,0,0,0,0,0,0
0.0,2.785,0.0,4.62,1.0,1,125000,0,1,0,0,0,0,0,0,0,0,1,0,2,0
1.44,2.0,6.68,2.0,1.0,4,5965000,1,0,1,0,0,0,1,0,0,0,0,1,7,1
0.5,2.24,3.1,3.76,2.0,3,7300000,0,1,1,1,0,0,1,0,0,0,0,3,10,1
0.0,0.41,0.87,2.17,5.0,2,2304999,1,0,0,0,0,0,1,0,0,0,0,2,3,1
7.69,12.5,14.03,14.03,2.3333,3,24150000,1,0,1,1,0,0,0,1,0,0,0,2,3,0
0.0,3.77,2.54,5.92,1.6667,3,2515000,1,1,1,0,0,0,1,0,0,0,0,3,9,1
0.79,3.98,4.32,3.98,2.6667,3,25500000,0,0,1,1,0,0,1,0,0,0,0,1,5,1
3.34,2.785,3.94,4.72,1.0,3,1820000,0,1,0,0,0,0,1,0,0,0,0,4,5,1
1.68,8.42,5.85,8.42,4.5,3,27690547,0,0,0,1,1,1,1,0,0,0,0,1,4,1
4.76,3.67,6.22,6.22,3.5,2,17000000,0,0,1,1,0,0,1,0,0,0,0,2,2,1
1.93,1.67,1.93,2.47,2.0,1,12000000,1,0,0,0,0,0,1,0,0,0,0,2,1,1
0.83,8.01,7.25,8.4,2.0,7,27300000,0,1,1,1,1,1,0,0,1,0,0,4,23,1
2.16,2.785,4.96,4.62,2.0,2,4000000,0,0,1,0,0,0,0,0,0,0,1,0,2,0
1.65,0.0,1.34,1.55,1.0,7,457282,1,1,0,0,0,0,0,1,0,0,0,2,4,0
2.0,3.66,2.0,4.08,3.0,1,11000000,0,0,0,1,0,0,1,0,0,0,0,2,12,1
3.09,5.0,3.09,5.0,5.0,1,3100000,0,0,1,0,0,0,1,0,0,0,0,1,6,1
0.42,2.785,0.42,4.62,1.0,3,5900000,0,1,0,0,0,0,0,0,0,0,1,0,5,0
2.1,2.28,2.1,3.17,2.0,1,4100000,0,0,1,0,0,0,1,0,0,0,0,3,6,1
4.67,8.84,9.0,8.84,2.5,5,10700000,0,0,1,1,0,0,0,0,0,0,1,1,12,1
0.02,0.0,0.02,0.0,2.0,1,30000,0,1,0,0,0,0,0,0,0,0,1,1,1,0
1.76,0.88,2.33,3.03,1.0,2,3529175,1,0,1,0,0,0,1,0,0,0,0,3,12,0
0.0,1.41,1.41,1.41,2.5,2,3350000,0,1,1,0,0,0,1,0,0,0,0,1,1,0
2.22,7.01,7.33,7.01,1.6667,3,11000000,1,1,0,1,0,0,1,0,0,0,0,1,4,1
1.09,5.1,1.09,7.39,2.0,1,11500000,0,0,1,0,0,0,1,0,0,0,0,2,15,1
20.81,2.785,20.81,4.62,7.0,1,32000000,0,0,0,1,0,0,0,0,0,0,1,0,2,0
2.21,4.09,3.79,9.5,1.5,2,4355000,0,1,1,0,0,0,0,0,0,1,0,3,8,1
6.94,6.01,9.16,6.01,3.0,3,13000000,0,0,0,0,0,1,1,0,0,0,0,1,6,1
1.33,3.25,2.06,3.78,3.0,2,13000000,0,0,1,1,0,0,1,0,0,0,0,2,11,1
2.44,2.33,2.44,2.44,5.0,1,17000000,1,0,0,0,0,0,0,0,0,0,1,2,10,1
0.84,4.98,5.75,7.03,2.4,5,24750000,1,1,1,1,0,0,1,0,0,0,0,3,13,1
3.51,3.95,3.96,4.84,2.5,2,510000000,1,0,0,0,0,0,0,0,0,0,1,3,5,0
1.21,2.785,3.01,4.62,2.0,2,7000000,0,0,1,0,0,0,1,0,0,0,0,0,4,0
2.25,2.785,5.04,4.62,3.0,2,9500000,1,0,0,1,0,0,1,0,0,0,0,0,2,0
0.08,0.0,0.08,0.0,2.0,1,31000,0,1,0,0,0,0,0,0,1,0,0,1,1,0
5.64,8.01,5.64,11.33,4.0,1,12700000,0,0,0,0,0,1,0,1,0,0,0,2,9,1
0.08,1.83,5.04,1.83,2.5,3,19743770,0,0,0,1,1,0,1,0,0,0,0,1,10,1
1.75,9.34,9.96,10.46,2.0,7,33672656,1,0,1,1,0,0,0,0,0,0,1,3,35,1
0.4,3.0,3.76,3.0,2.5,4,122000000,0,0,1,1,1,1,1,0,0,0,0,1,15,1
0.58,0.59,2.51,4.97,1.0,3,1415000,1,1,0,0,0,0,1,0,0,0,0,4,9,1
0.62,1.0,1.59,4.33,2.0,2,14600000,0,0,1,1,0,0,1,0,0,0,0,3,8,0
2.45,7.67,5.16,8.22,2.6667,3,28000000,0,0,1,1,1,0,0,1,0,0,0,2,7,1
2.93,2.785,4.63,4.62,2.0,2,15200000,0,0,1,1,0,0,1,0,0,0,0,0,13,1
2.19,2.785,2.19,4.62,4.0,1,9000000,0,0,0,1,0,0,0,0,0,1,0,0,32,0
0.69,3.42,1.5,3.42,2.0,2,10000000,0,0,1,0,0,0,0,0,0,1,0,1,9,1
4.13,5.57,6.15,6.11,3.0,2,2192000,1,0,0,1,0,0,0,0,0,0,1,3,10,0
2.18,2.73,3.31,3.54,1.5,2,2000000,1,0,1,0,0,0,1,0,0,0,0,2,6,1
0.17,0.0,3.92,2.92,4.0,2,14700000,0,1,1,0,0,0,0,0,1,0,0,2,8,1
4.47,6.75,4.47,6.75,4.0,1,13000000,0,0,0,0,0,1,0,0,0,0,1,1,6,1
1.86,3.92,4.6,6.43,2.25,4,14800000,1,0,0,1,1,0,1,0,0,0,0,3,15,1
2.93,3.92,5.53,6.2,3.0,2,9600000,0,0,1,0,0,0,0,0,0,0,1,2,6,1
0.6,2.785,4.22,4.48,2.0,3,9500000,0,0,1,1,1,0,1,0,0,0,0,2,9,1
0.1,2.33,2.39,2.79,1.0,2,4000000,1,0,1,0,0,0,1,0,0,0,0,2,7,0
1.75,2.0,3.55,2.0,1.0,2,80000000,0,0,1,1,0,0,1,0,0,0,0,1,4,0
0.11,2.785,4.73,4.62,1.0,4,19550000,1,0,1,0,0,0,0,0,0,1,0,0,0,0
0.24,2.42,3.76,3.88,4.0,4,33000000,0,0,1,1,1,0,0,0,0,1,0,3,10,0
0.77,0.0,0.77,0.0,1.0,1,50000,0,1,0,0,0,0,1,0,0,0,0,1,1,0
0.25,1.27,0.64,1.75,5.0,2,532000,0,1,0,0,0,0,0,0,0,0,1,2,6,1
3.93,4.0,4.68,4.0,2.5,2,18250000,0,0,1,1,0,0,1,0,0,0,0,1,3,1
0.25,3.92,7.42,10.92,1.4,5,58200000,0,0,1,1,1,1,0,0,0,0,1,3,9,1
1.67,3.67,3.67,3.67,3.0,2,4000000,0,1,1,0,0,0,0,1,0,0,0,3,12,1
1.75,1.75,2.73,6.15,3.3333,3,21500000,0,0,1,1,0,0,1,0,0,0,0,4,16,1
5.2,7.51,6.19,12.89,4.5,2,10000000,0,0,1,1,0,0,0,0,0,0,1,2,6,1
5.65,2.785,5.65,4.62,2.0,1,2500000,1,0,0,0,0,0,1,0,0,0,0,0,0,0
2.0,1.58,4.39,4.19,2.0,4,30000000,0,1,1,1,0,0,0,0,0,0,1,2,7,0
1.81,0.75,2.45,0.75,1.0,2,1175000,1,0,0,0,0,0,0,0,0,0,1,1,2,0
4.07,3.42,4.07,5.23,2.0,1,3800000,0,0,0,1,0,0,1,0,0,0,0,3,2,1
0.3,1.59,0.3,1.67,1.0,1,400000,0,1,0,0,0,0,1,0,0,0,0,2,3,1
2.92,2.785,4.73,4.62,2.5,2,30000000,0,0,1,1,0,0,1,0,0,0,0,0,1,1
4.0,5.92,5.75,6.0,1.0,4,89500000,0,0,0,1,1,0,1,0,0,0,0,2,6,0
3.76,2.785,3.76,8.67,4.0,1,22000000,0,0,0,0,1,0,0,1,0,0,0,3,2,1
3.92,2.785,3.92,4.62,4.0,2,12000000,0,0,1,1,0,0,1,0,0,0,0,0,2,0
3.63,1.15,3.63,3.78,1.0,1,75000000,1,0,0,0,0,0,0,0,0,0,1,4,4,1
1.65,2.785,0.62,1.66,3.0,2,3700000,1,0,0,0,0,0,1,0,0,0,0,3,11,0
1.19,2.19,1.19,7.78,2.0,1,1000000,1,0,0,0,0,0,1,0,0,0,0,3,5,1
1.03,1.46,1.03,2.21,4.0,1,2600000,0,0,1,0,0,0,1,0,0,0,0,2,5,1
0.0,1.0,2.72,5.95,4.75,4,3800000,0,1,1,0,0,0,0,0,0,1,0,4,4,1
3.92,2.785,6.73,4.62,2.3333,3,44000000,1,0,0,1,1,0,0,0,0,0,1,0,3,0
0.97,2.0,3.84,2.0,2.5,4,42500000,1,0,1,1,1,0,1,0,0,0,0,1,18,1
0.25,2.785,0.34,4.62,4.5,2,455000,0,1,1,0,0,0,0,0,0,0,1,0,5,0
3.16,9.01,5.67,9.01,5.0,2,23500000,1,0,0,1,0,0,1,0,0,0,0,1,9,1
0.43,2.0,0.43,2.0,4.0,1,13000000,0,0,1,0,0,0,0,0,0,1,0,1,6,0
4.75,5.0,8.96,5.0,1.5,3,15247925,0,0,0,0,1,1,0,1,0,0,0,1,10,1
0.83,1.0,2.08,1.0,2.0,2,55000000,0,0,1,1,0,0,0,1,0,0,0,1,4,1
2.64,4.1,2.64,4.93,6.0,1,10000000,1,0,0,0,0,0,0,0,1,0,0,2,6,1
0.19,1.21,0.78,2.38,5.75,4,2345000,0,1,1,0,0,0,0,1,0,0,0,3,13,1
7.89,0.41,10.67,0.41,3.6667,3,42700000,1,0,0,1,0,0,0,0,0,0,1,1,2,0
3.48,3.68,3.48,5.63,2.0,1,11370000,0,0,1,0,0,0,1,0,0,0,0,3,8,1
1.25,4.72,1.87,5.1,3.6667,3,2600000,0,1,1,0,0,0,1,0,0,0,0,2,13,1
2.08,4.58,4.66,4.73,3.0,2,13600000,0,0,0,1,1,0,0,0,0,0,1,2,9,1
2.57,2.48,2.57,4.67,5.0,1,500000,0,1,0,0,0,0,1,0,0,0,0,2,7,1
3.04,4.0,6.75,4.0,4.0,3,33000000,0,0,1,1,1,0,1,0,0,0,0,1,2,0
9.73,6.0,9.73,6.0,3.0,1,8000000,1,0,0,0,0,0,1,0,0,0,0,1,2,0
0.25,3.32,4.41,6.79,2.5,5,48500000,1,1,1,1,1,0,1,0,0,0,0,3,27,1
1.65,1.06,0.9,1.06,1.0,2,72000,0,1,0,0,0,0,0,0,0,0,1,1,4,0
2.31,4.5,9.42,11.42,5.2,7,98170000,1,0,0,1,1,1,1,0,0,0,0,3,12,0
2.48,3.39,4.38,4.99,1.6667,3,5056559,1,0,1,0,0,0,0,0,0,0,1,2,10,1
2.35,1.0,8.28,8.28,3.0,4,38064570,1,0,0,1,1,1,1,0,0,0,0,2,16,1
1.65,0.41,1.49,1.32,1.0,2,125000,1,1,0,0,0,0,0,0,0,0,1,2,3,0
1.17,1.93,1.17,4.01,2.0,1,3000000,0,0,1,0,0,0,1,0,0,0,0,4,19,1
3.15,5.0,4.88,5.0,2.0,2,14000000,1,0,1,0,0,0,1,0,0,0,0,1,5,1
0.41,5.52,5.34,7.19,1.6667,4,32006000,0,1,1,1,1,0,1,0,0,0,0,3,21,1
1.6,3.43,2.81,7.41,2.0,2,11000000,0,0,1,1,0,0,1,0,0,0,0,3,14,1
1.85,2.17,2.17,5.08,4.5,2,1000000,0,1,0,0,0,0,1,0,0,0,0,3,4,1
2.5,2.785,7.25,4.62,3.6667,6,232000100,0,0,1,0,1,1,1,0,0,0,0,0,4,1
2.84,3.38,3.14,3.78,2.0,2,125000000,0,0,1,1,0,0,0,0,0,0,1,2,0,0
5.47,10.59,7.28,10.59,6.0,3,27000000,0,0,0,0,0,1,1,0,0,0,0,1,5,1
1.33,2.5,5.67,5.67,2.6667,3,12000000,1,0,1,1,0,0,0,1,0,0,0,2,4,1
2.98,2.785,5.21,4.62,10.0,2,13875001,0,0,0,0,0,0,0,0,0,0,1,0,4,0
2.78,2.785,10.95,4.62,2.0,3,19009671,0,0,0,1,0,0,0,1,0,0,0,1,10,0
0.0,2.42,0.25,5.32,1.5,2,118000,0,1,0,0,0,0,0,0,0,0,1,3,10,1
1.65,1.41,2.16,6.54,2.5,4,46800000,0,0,1,1,1,0,1,0,0,0,0,6,42,1
1.42,2.785,4.54,4.62,2.0,3,18700000,1,0,1,0,0,0,1,0,0,0,0,0,0,0
1.65,5.0,6.12,5.0,3.0,4,11400000,1,0,0,1,0,0,0,0,1,0,0,1,5,0
2.16,3.83,5.64,7.69,4.0,4,41500019,0,0,0,0,1,0,0,0,1,0,0,5,13,1
0.92,4.85,1.64,6.09,2.0,2,500000,0,1,1,0,0,0,0,1,0,0,0,2,7,1
4.49,2.785,4.49,4.62,3.0,1,11000000,0,0,0,0,1,0,0,0,1,0,0,0,2,1
0.33,9.01,5.37,9.01,3.0,3,35150000,0,0,1,1,1,0,1,0,0,0,0,1,9,1
11.43,2.785,11.43,4.62,5.0,1,20000000,0,0,0,0,1,0,1,0,0,0,0,0,1,0
0.73,1.59,3.61,4.1,3.0,5,4705910,1,1,0,0,0,0,0,0,1,0,0,3,5,1
4.91,2.785,8.1,4.62,2.0,3,4476171,1,0,1,0,0,0,1,0,0,0,0,0,3,0
0.22,0.22,4.84,6.25,4.2,5,70000000,1,0,1,1,1,0,1,0,0,0,0,5,22,0
1.28,0.0,1.28,0.0,1.0,1,15000,0,1,0,0,0,0,0,0,0,0,1,1,1,0
0.0,2.92,3.93,5.73,2.3333,3,18000000,1,0,1,1,0,0,0,0,1,0,0,3,16,1
2.06,2.785,6.23,4.62,3.0,3,28200000,1,0,0,1,1,0,0,0,0,0,1,0,7,1
4.09,6.0,9.31,6.0,3.6667,3,33000000,1,0,0,1,0,1,1,0,0,0,0,1,5,1
5.84,5.92,6.95,6.38,2.0,2,13000000,1,0,0,0,1,0,1,0,0,0,0,2,6,0
0.83,0.67,0.83,0.67,1.0,1,12000,0,1,0,0,0,0,0,0,0,0,1,1,3,0
3.12,4.0,3.12,4.0,3.0,1,20000000,0,0,0,1,0,0,1,0,0,0,0,1,4,1
2.68,2.84,6.42,7.24,3.6667,3,23500000,1,0,0,1,1,0,0,0,0,0,1,2,11,1
1.58,4.42,5.96,4.42,3.0,5,25413298,1,0,1,1,0,0,0,1,0,0,0,1,6,1
0.58,1.25,4.43,2.15,1.0,4,7516703,1,1,0,0,0,0,0,0,0,0,1,3,5,0
3.97,3.0,10.25,3.0,6.0,4,59000000,0,0,0,1,1,0,0,0,0,0,1,1,8,1
4.67,8.74,4.67,10.22,3.0,1,6000000,0,0,0,0,1,0,1,0,0,0,0,4,25,1
0.16,7.05,7.5,8.62,4.5,7,121500000,1,0,1,1,1,1,0,1,0,0,0,3,45,1
3.49,5.66,3.49,8.34,2.0,1,10000000,0,0,0,0,1,0,0,0,0,0,1,3,10,1
3.59,8.01,11.11,9.99,4.0,3,9650000,1,0,1,0,0,1,0,1,0,0,0,4,13,1
3.82,9.01,6.09,9.77,2.0,2,19900000,1,0,0,1,0,0,0,0,0,0,1,2,3,1
1.65,3.0,3.83,4.7,3.5,4,27063781,0,0,1,1,1,0,0,0,1,0,0,4,16,1
4.03,5.81,8.27,11.1,4.3333,4,24500000,0,0,0,1,1,1,0,0,0,0,1,5,15,1
0.75,3.04,4.92,6.84,3.5,6,125250000,1,0,1,1,1,1,0,0,1,0,0,5,30,1
0.44,0.82,0.44,0.82,2.0,1,1200000,1,0,0,0,0,0,1,0,0,0,0,1,2,0
1.33,4.37,2.71,6.46,2.5,2,29000000,0,0,0,1,1,0,1,0,0,0,0,3,6,1
4.3,5.0,4.3,5.0,5.0,1,5000000,1,0,0,0,0,0,0,0,0,0,1,1,3,0
2.0,3.58,3.05,5.48,2.5,2,6000000,0,0,1,1,0,0,1,0,0,0,0,2,9,1
1.99,2.9,4.15,5.26,3.3333,3,24000000,0,0,1,1,0,0,1,0,0,0,0,4,10,1
1.96,1.96,1.96,2.0,1.0,1,3011408,0,0,0,1,0,0,1,0,0,0,0,3,11,1
3.25,3.84,3.25,7.9,9.0,1,14500000,0,0,0,0,1,0,1,0,0,0,0,3,19,1
3.16,3.0,3.69,4.5,2.0,2,16300000,0,0,0,1,0,0,0,1,0,0,0,2,6,1
3.16,2.0,3.16,2.0,3.0,1,15000000,0,0,0,0,0,1,1,0,0,0,0,1,6,1
5.67,6.75,8.5,8.09,1.0,3,1400000,0,1,0,0,0,0,1,0,0,0,0,2,4,1
1.51,1.32,3.61,4.16,4.5,2,7350000,0,0,1,1,0,0,0,0,1,0,0,3,8,0
2.33,4.0,6.97,8.3,4.0,3,68200000,1,1,0,0,0,0,1,0,0,0,0,3,11,1
1.0,1.16,1.0,3.57,3.0,1,5000000,0,0,1,0,0,0,1,0,0,0,0,2,2,0
0.15,0.5,0.5,3.01,3.5,2,2565000,0,1,1,0,0,0,1,0,0,0,0,3,10,1
2.42,2.785,3.09,3.97,1.0,2,1310000,0,1,0,0,0,0,0,0,0,0,1,4,3,0
1.0,2.785,8.25,4.62,4.0,4,68400000,1,0,1,0,1,1,1,0,0,0,0,0,6,1
0.89,1.33,0.89,2.53,3.0,1,4000000,0,0,1,0,0,0,0,0,1,0,0,2,15,0
4.67,9.75,9.12,12.8,1.3333,3,37000000,0,0,1,1,1,0,1,0,0,0,0,4,33,0
0.83,2.785,0.83,1.19,1.0,1,154000,0,1,0,0,0,0,1,0,0,0,0,2,5,0
0.0,1.58,0.64,3.07,1.5,2,41000000,0,0,1,1,0,0,1,0,0,0,0,2,11,0
0.59,1.05,0.59,1.05,2.0,1,2600000,0,0,1,0,0,0,1,0,0,0,0,1,8,1
3.67,2.785,5.56,4.62,1.0,3,9100000,1,0,0,1,1,0,0,0,0,1,0,0,0,0
1.25,2.5,2.08,5.32,2.0,2,3300000,0,1,1,0,0,0,1,0,0,0,0,3,4,1
0.41,3.0,2.47,3.0,3.3333,3,31500000,0,0,1,1,1,0,1,0,0,0,0,1,19,1
1.45,2.5,2.51,3.64,1.5,2,41000000,0,0,0,1,1,0,1,0,0,0,0,2,15,1
3.61,0.0,4.38,7.92,4.5,2,11800000,0,0,0,0,1,1,0,1,0,0,0,2,1,1
1.08,5.92,3.13,7.93,1.5,2,4200000,0,0,1,1,0,0,1,0,0,0,0,2,16,1
3.39,5.72,5.07,8.73,2.0,2,11725600,0,0,1,1,0,0,1,0,0,0,0,2,3,1
5.13,3.16,5.13,8.51,2.0,1,2000000,0,0,1,0,0,0,0,0,0,0,1,2,6,0
4.22,2.785,4.22,4.62,2.0,1,1000000,1,0,0,0,0,0,1,0,0,0,0,0,0,0
3.6,3.0,3.6,3.0,4.0,1,10000000,0,0,0,0,1,0,1,0,0,0,0,1,2,0
0.77,2.785,1.5,3.75,6.3333,3,10500000,1,0,1,0,0,0,0,0,1,0,0,3,14,1
0.04,1.85,3.14,4.49,7.0,2,6875000,1,0,1,0,0,0,1,0,0,0,0,5,30,1
2.3,3.59,3.21,4.58,2.0,2,12000000,0,0,0,1,1,0,1,0,0,0,0,3,4,0
3.71,4.0,8.96,4.0,2.0,4,25305000,1,0,1,1,1,0,1,0,0,0,0,1,7,1
4.63,10.13,9.45,10.65,1.0,3,27500000,0,0,1,1,0,0,1,0,0,0,0,3,22,1
2.62,2.785,2.62,4.62,5.0,1,25000000,0,0,0,1,0,0,1,0,0,0,0,0,4,1
0.0,0.0,3.47,1.91,1.5,5,10000003,1,0,1,1,0,0,0,0,0,0,1,2,4,1
0.59,3.54,2.64,6.07,1.3333,3,16500000,0,0,1,1,1,0,1,0,0,0,0,4,13,1
2.25,4.67,3.0,6.7,1.0,3,375000,0,1,0,0,0,0,1,0,0,0,0,3,3,1
1.9,1.9,1.9,4.0,1.0,1,1500000,0,0,1,0,0,0,0,0,1,0,0,3,13,1
1.65,2.785,0.87,1.21,1.6667,3,430000,0,1,0,0,0,0,1,0,0,0,0,2,4,1
0.77,2.785,2.85,2.85,1.0,2,1750000,1,1,0,0,0,0,0,0,0,0,1,2,3,1
2.15,2.37,4.97,2.71,2.0,5,7939553,1,0,0,1,0,0,1,0,0,0,0,2,4,1
0.0,5.4,3.39,8.71,2.0,5,28300000,0,1,1,1,1,1,1,0,0,0,0,4,17,1
0.41,4.25,3.97,5.77,2.5,4,24500000,0,0,1,1,1,0,0,1,0,0,0,4,13,0
0.08,2.785,1.27,4.62,2.3333,3,12500000,1,0,1,1,0,0,0,0,0,0,1,0,5,1
5.35,2.785,5.35,4.62,4.0,1,15000000,0,0,0,0,1,0,0,0,1,0,0,0,6,1
1.22,1.42,1.22,2.68,8.0,1,5500000,0,0,1,0,0,0,1,0,0,0,0,2,6,0
0.67,2.79,6.28,7.45,2.25,5,80000000,0,1,1,1,1,1,1,0,0,0,0,3,16,1
2.67,2.785,2.67,4.62,1.0,1,5500000,0,0,1,0,0,0,1,0,0,0,0,0,6,0
0.18,3.67,4.03,7.24,1.6667,3,12400000,1,0,1,1,0,0,1,0,0,0,0,4,6,1
0.0,2.92,2.84,4.31,3.0,5,43600000,0,0,1,1,1,1,1,0,0,0,0,3,7,0
1.33,4.87,7.08,7.01,3.0,8,129677153,1,0,1,1,1,1,1,0,0,0,0,3,25,1
7.0,7.67,7.0,7.67,3.0,1,3000000,0,0,1,0,0,0,0,0,0,0,1,1,3,1
6.89,2.785,10.41,4.62,5.3333,3,52800000,1,0,0,0,1,0,1,0,0,0,0,0,5,1
1.65,0.04,3.61,0.04,1.0,1,500000,0,1,0,0,0,0,1,0,0,0,0,1,2,0
0.92,2.95,2.63,3.97,2.0,2,15000000,0,0,1,1,0,0,0,1,0,0,0,2,5,1
2.97,6.97,3.72,8.33,5.5,2,42500000,0,0,0,0,1,1,0,0,0,1,0,3,16,1
7.35,11.03,8.13,11.06,5.5,2,24500000,0,0,0,0,0,0,0,1,0,0,0,2,13,1
1.88,1.66,1.88,3.02,7.0,1,1000000,0,0,1,0,0,0,0,0,1,0,0,3,5,0
0.67,0.0,1.93,0.0,2.0,2,10800000,1,0,1,0,0,0,0,0,1,0,0,1,2,0
1.65,6.42,4.21,9.07,2.5,4,28300000,0,0,1,1,1,1,1,0,0,0,0,4,27,1
2.55,6.64,6.39,6.64,2.0,2,12800000,0,0,1,1,0,0,0,0,0,0,1,1,15,0
1.65,0.41,0.34,0.87,5.0,2,1015000,0,1,0,0,0,0,1,0,0,0,0,2,5,0
3.5,2.785,5.44,4.62,3.0,2,3508462,1,0,1,0,0,0,0,0,0,0,1,0,3,0
0.75,2.785,3.01,4.62,2.6667,3,54000000,1,0,0,0,1,0,1,0,0,0,0,0,3,0
0.82,4.56,5.56,7.99,2.75,4,32500000,0,0,1,1,1,1,0,0,0,0,1,3,8,0
5.66,5.0,5.66,5.0,9.0,1,30000000,0,0,0,0,1,0,1,0,0,0,0,1,4,1
4.85,6.59,4.85,6.59,5.0,1,4000000,0,0,0,0,0,0,0,0,0,0,1,1,5,1
1.83,3.27,3.33,7.63,2.5,2,17100000,0,0,1,1,0,0,0,0,0,0,1,4,16,1
0.84,0.9,3.76,0.9,2.0,3,1420698,1,1,0,0,0,0,0,0,1,0,0,1,5,1
0.25,2.0,2.56,4.78,1.5,3,12800000,0,1,1,1,0,0,0,0,1,0,0,2,11,1
1.4,2.785,1.4,4.62,1.0,1,205000,0,1,0,0,0,0,0,0,0,0,1,0,1,0
3.76,2.785,3.76,4.62,7.0,1,27500000,0,0,0,0,1,0,1,0,0,0,0,0,1,1
0.5,2.99,3.71,4.02,4.0,3,9400000,1,0,1,1,0,0,1,0,0,0,0,4,5,1
1.02,5.7,7.15,8.18,4.0,4,13075000,0,0,1,1,0,0,1,0,0,0,0,2,10,1
2.4,2.785,6.03,4.62,3.5,4,21470000,0,0,1,1,0,0,1,0,0,0,0,0,1,0
0.89,2.66,2.25,2.75,1.5,4,36500000,0,0,1,1,1,0,0,0,1,0,0,3,21,1
1.47,1.0,1.47,1.47,3.0,1,2000000,0,0,1,0,0,0,0,0,1,0,0,2,5,1
1.65,2.785,3.61,4.62,1.0,1,100000,0,1,0,0,0,0,0,0,1,0,0,2,6,0
0.79,2.05,0.79,3.33,1.0,1,4000000,0,0,1,0,0,0,1,0,0,0,0,4,7,0
0.75,3.17,0.75,4.62,3.0,1,1000000,0,0,1,0,0,0,0,0,0,0,1,2,13,1
0.33,2.75,5.49,5.59,1.5,5,19389998,1,0,1,1,1,0,0,0,0,0,1,2,14,1
0.67,0.42,0.67,0.42,1.0,1,20000,0,1,0,0,0,0,1,0,0,0,0,1,2,0
21.9,24.68,21.9,24.68,2.0,1,8000000,1,0,0,0,0,0,0,0,0,0,1,1,1,0
2.25,5.34,4.74,7.27,3.0,3,39007789,0,0,1,1,1,0,0,0,1,0,0,5,22,1
0.71,1.58,0.71,3.0,1.0,1,3200000,0,0,1,0,0,0,1,0,0,0,0,3,5,1
3.58,2.785,3.58,7.59,1.0,1,4100000,1,0,0,0,0,0,0,0,0,0,1,3,3,0
4.0,0.16,7.87,0.16,4.0,2,10000000,1,0,0,1,0,0,1,0,0,0,0,1,5,1
3.69,3.0,10.14,3.0,4.6667,4,27101994,1,0,0,1,0,0,0,1,0,0,0,1,2,1
1.18,2.52,2.72,3.67,3.6667,3,45039999,0,0,1,1,1,0,1,0,0,0,0,3,21,1
6.97,0.08,6.97,11.97,5.0,1,5000000,0,0,0,0,1,0,0,0,0,1,0,2,6,1
5.78,2.0,5.78,2.0,3.0,1,10000000,1,0,0,0,0,0,1,0,0,0,0,1,1,0
0.08,2.785,1.33,4.62,1.0,2,500000,0,0,0,0,0,0,1,0,0,0,0,0,6,0
1.17,0.75,3.21,2.81,1.5,2,12300000,0,0,0,1,1,0,0,0,1,0,0,3,16,1
1.08,2.52,2.5,5.02,2.0,2,8400000,0,0,1,1,0,0,0,1,0,0,0,3,10,1
1.65,3.7,3.32,5.66,2.0,2,2300000,0,1,1,0,0,0,1,0,0,0,0,3,4,0
0.42,0.89,3.67,5.28,5.6667,3,16000000,0,0,1,1,1,0,1,0,0,0,0,4,24,1
3.79,2.785,5.51,4.62,1.0,2,83000000,1,0,0,0,0,0,1,0,0,0,0,0,11,1
0.72,0.77,2.44,2.79,2.5,2,3000000,0,0,1,1,0,0,1,0,0,0,0,2,7,1
2.22,0.75,2.22,3.42,1.0,1,1000000,0,0,1,0,0,0,1,0,0,0,0,4,5,0
3.75,5.54,3.75,6.76,1.0,1,10000000,0,0,1,0,0,0,0,0,1,0,0,3,7,1
1.41,2.785,1.91,1.84,3.0,2,2212000,0,1,1,0,0,0,0,0,1,0,0,2,5,1
1.09,4.0,2.56,4.0,2.5,2,9500000,0,0,1,1,0,0,1,0,0,0,0,1,7,0
1.65,2.785,0.39,0.08,1.0,3,11300000,1,0,0,1,1,0,0,1,0,0,0,2,5,0
1.6,0.08,2.18,0.08,1.0,2,2387481,1,0,0,0,0,0,0,0,0,0,1,1,2,0
2.0,4.0,6.23,10.76,4.0,3,64080000,0,0,1,1,1,0,1,0,0,0,0,2,8,1
1.5,0.0,1.67,7.52,1.5,2,30150000,0,0,1,1,0,0,1,0,0,0,0,3,2,0
0.33,1.17,6.42,4.99,2.7143,8,211403000,1,0,1,1,1,0,1,0,0,0,0,2,6,0
0.58,2.785,0.58,3.83,2.0,1,750000,0,1,0,0,0,0,0,0,0,0,1,3,5,1
7.25,7.01,7.25,7.01,2.0,1,12000000,0,0,0,0,0,0,1,0,0,0,0,1,7,1
5.35,2.785,7.23,4.62,2.0,4,13045000,0,0,1,1,0,0,1,0,0,0,0,0,2,1
4.9,2.785,4.9,4.62,1.0,1,350000,1,0,0,0,0,0,0,0,0,0,1,0,0,0
2.53,2.785,2.53,4.05,2.0,1,7800000,1,0,0,0,0,0,1,0,0,0,0,2,3,1
0.7,0.66,1.19,2.62,6.0,2,6000000,0,1,1,0,0,0,0,1,0,0,0,3,5,1
0.67,2.75,5.13,6.0,1.75,4,41000000,1,0,1,1,1,0,0,1,0,0,0,2,15,1
1.65,2.785,3.61,4.62,1.0,1,150000,0,1,0,0,0,0,0,0,0,0,1,0,1,0
0.47,1.1,0.47,1.68,9.0,1,3750000,0,0,0,0,0,0,1,0,0,0,0,3,5,1
6.17,8.01,7.92,11.25,2.5,3,100000000,1,0,1,0,0,0,0,0,0,0,1,3,6,1
4.89,3.29,4.89,3.29,1.0,1,10571182,0,0,1,0,0,0,1,0,0,0,0,1,8,1
1.31,1.31,1.31,2.88,1.0,1,200000,1,0,0,0,0,0,0,0,0,0,1,3,11,1
3.83,3.75,3.83,3.75,2.0,1,15000000,0,0,0,1,0,0,0,0,0,0,1,1,3,0
5.42,2.785,5.42,4.62,2.0,1,8700000,0,0,1,0,0,0,0,0,0,0,1,0,0,0
1.34,2.785,1.73,1.72,4.0,2,5800000,0,1,1,0,0,0,0,0,0,0,1,2,8,1
2.52,4.0,2.52,9.88,6.0,1,7660000,0,0,1,0,0,0,1,0,0,0,0,3,5,1
0.0,0.34,6.5,10.01,6.0,3,26914000,0,0,1,1,1,0,1,0,0,0,0,3,24,1
1.0,4.36,2.16,5.33,2.0,2,3500000,0,1,1,0,0,0,1,0,0,0,0,2,10,1
2.59,5.5,6.76,5.5,3.5,5,49000000,1,0,1,1,1,1,1,0,0,0,0,1,8,0
2.45,2.785,2.45,4.62,2.0,2,1000000,1,1,0,0,0,0,0,0,0,0,1,0,0,0
2.0,2.785,2.0,4.62,5.0,1,500000,0,1,0,0,0,0,0,0,1,0,0,0,4,0
0.08,1.08,1.82,2.3,2.0,3,4000000,0,1,1,0,0,0,0,0,1,0,0,2,7,1
1.56,1.24,1.56,1.77,9.0,1,750000,0,1,0,0,0,0,1,0,0,0,0,3,6,1
2.0,3.0,3.92,5.22,1.0,3,45000000,0,0,1,0,0,0,0,0,1,0,0,3,8,0
4.33,8.7,11.17,8.71,4.3333,4,135826373,0,0,0,1,0,1,0,1,0,0,0,2,3,1
1.67,2.785,1.67,4.62,1.0,1,350000,1,0,0,0,0,0,0,0,0,0,1,0,3,0
0.88,2.785,0.88,4.62,9.0,1,12000000,1,0,0,0,0,0,1,0,0,0,0,0,7,0
0.75,2.785,0.75,4.62,1.0,2,100000,0,1,0,0,0,0,0,0,1,0,0,0,3,0
0.33,3.25,4.69,4.69,4.0,4,25200000,0,0,1,1,1,1,1,0,0,0,0,3,13,1
0.74,1.17,0.74,3.92,2.0,1,4000000,0,0,1,0,0,0,0,0,0,1,0,2,9,0
1.08,1.61,2.85,4.51,2.0,2,5686383,0,0,1,0,0,0,0,0,1,0,0,3,9,1
1.07,0.84,1.07,3.99,2.0,1,4300000,0,0,1,0,0,0,1,0,0,0,0,3,4,0
0.68,0.0,0.79,0.0,1.0,2,125000,0,1,0,0,0,0,0,0,0,0,1,1,2,0
1.41,1.33,4.28,5.18,3.5,2,889999,1,1,0,0,0,0,1,0,0,0,0,2,5,0
1.04,0.0,1.04,1.04,1.0,1,1000000,0,1,0,0,0,0,0,0,0,0,1,2,2,0
4.22,3.0,4.22,3.0,3.0,1,16000000,0,0,0,1,0,0,1,0,0,0,0,1,6,1
0.12,2.785,0.12,5.26,2.0,1,9150000,0,0,1,0,0,0,1,0,0,0,0,2,6,1
1.58,5.01,6.65,7.09,3.5,3,78750000,0,0,1,1,0,0,0,1,0,0,0,2,4,1
0.13,0.31,0.27,0.31,1.0,2,11000,0,1,0,0,0,0,0,0,1,0,0,1,5,0
1.08,6.35,5.82,9.44,2.3333,4,42000000,0,0,1,1,1,0,0,0,0,0,1,4,14,1
0.0,0.0,0.0,0.0,1.0,1,15000,0,1,0,0,0,0,0,0,0,0,1,1,2,0
0.02,0.79,2.44,4.38,2.3333,3,9950000,0,0,1,1,1,0,0,0,1,0,0,3,15,1
4.05,6.0,9.3,6.0,3.0,5,18914576,1,0,0,0,1,0,0,0,0,0,1,1,2,1
3.64,10.98,11.9,12.68,2.0,7,238209999,1,0,0,0,0,0,0,0,0,0,1,3,29,1
4.22,2.785,4.22,4.62,4.0,1,26000000,0,0,0,0,0,1,1,0,0,0,0,0,4,0
1.34,2.08,4.3,5.84,4.25,4,46300000,1,0,1,1,1,0,1,0,0,0,0,4,12,1
2.56,8.15,3.39,8.15,1.5,2,11000000,1,0,0,1,0,0,1,0,0,0,0,1,7,1
0.76,2.785,0.76,4.62,1.0,1,500000,1,0,0,0,0,0,0,0,0,0,1,0,3,0
1.65,1.75,2.25,1.75,1.0,2,350000,0,1,0,0,0,0,0,0,0,0,1,1,3,0
7.39,4.0,7.39,4.0,1.0,1,10000000,0,0,0,0,1,0,1,0,0,0,0,1,4,1
2.14,10.42,10.13,12.19,2.0,4,60704370,1,0,0,1,0,1,0,0,0,0,1,3,35,1
0.58,2.785,1.65,4.62,1.0,2,850000,0,1,1,0,0,0,1,0,0,0,0,0,3,0
0.08,0.5,0.08,1.38,5.0,1,1750000,0,0,0,0,0,0,0,0,1,0,0,2,8,1
0.92,0.58,3.75,4.88,2.6667,3,28000000,0,0,1,1,1,0,0,1,0,0,0,2,14,1
2.16,3.5,3.29,7.69,2.5,2,33000000,0,0,1,1,0,0,0,0,0,0,0,4,13,0
5.3,2.785,8.62,4.62,4.6667,3,53000000,0,0,0,0,1,1,1,0,0,0,0,0,4,1
0.45,3.74,6.08,3.74,1.0,3,15286415,0,0,1,0,0,0,0,0,0,0,1,1,2,1
5.1,5.67,8.64,6.9,1.6667,3,10000000,1,0,0,1,0,0,1,0,0,0,0,2,10,1
1.17,0.08,1.5,5.39,1.5,2,4700000,0,1,1,0,0,0,1,0,0,0,0,4,3,0
0.0,3.59,0.0,4.33,1.0,1,1000000,0,1,0,0,0,0,0,0,1,0,0,2,0,1
2.81,3.0,2.81,4.65,1.0,1,3000000,1,0,0,0,0,0,1,0,0,0,0,2,6,1
0.0,4.76,3.96,5.15,3.8,5,90000000,1,0,1,1,1,1,0,0,1,0,0,3,24,1
5.59,2.785,5.59,4.62,2.0,1,26000000,1,0,0,0,0,0,0,1,0,0,0,0,3,1
5.49,6.75,6.58,6.75,1.5,2,13000000,0,0,1,1,0,0,0,0,0,0,1,1,3,1
5.15,2.0,5.15,2.0,1.0,1,2000000,1,0,0,0,0,0,0,1,0,0,0,1,4,1
1.88,1.0,1.88,1.0,2.0,1,10000000,0,0,1,0,0,0,0,0,0,0,1,1,2,0
1.13,1.0,1.13,2.68,1.0,1,5000000,0,0,1,0,0,0,1,0,0,0,0,2,7,1
6.01,6.01,6.01,6.01,1.0,1,10000000,0,0,0,0,1,0,1,0,0,0,0,1,2,1
0.68,0.0,1.45,0.0,1.0,2,21189,1,1,0,0,0,0,1,0,0,0,0,1,2,0
1.67,2.92,4.68,6.12,1.0,3,5750000,1,1,1,0,0,0,1,0,0,0,0,4,14,1
0.25,4.21,0.74,6.35,3.0,2,4000000,0,0,1,1,0,0,1,0,0,0,0,4,22,1
0.67,0.8,0.67,5.28,8.0,1,1300000,0,1,0,0,0,0,1,0,0,0,0,3,1,0
4.24,5.01,9.36,5.01,3.5,2,51000000,0,0,0,0,1,0,1,0,0,0,0,1,16,1
0.3,0.3,0.3,0.3,1.0,1,19000,0,1,0,0,0,0,0,0,0,0,1,1,1,0
2.33,6.96,6.68,8.93,2.0,4,23100000,1,0,1,1,1,0,1,0,0,0,0,3,17,1
0.76,2.16,2.45,2.9,1.5,2,250000,0,1,0,0,0,0,0,0,0,0,1,2,3,1
0.92,5.0,5.55,5.0,3.0,2,73000000,1,0,0,1,0,0,1,0,0,0,0,1,9,1
0.62,2.785,1.59,4.62,3.0,2,890000,0,1,0,0,0,0,0,0,1,0,0,0,2,0
0.41,0.0,0.41,2.53,4.0,1,6100000,0,0,0,1,0,0,1,0,0,0,0,2,10,1
4.96,2.785,10.32,4.62,3.0,4,39000000,1,0,1,0,0,0,0,0,0,1,0,0,0,0
1.16,2.33,4.8,6.9,2.6667,3,67000000,0,0,1,1,1,0,1,0,0,0,0,5,18,1
0.53,1.3,1.05,3.38,8.6667,3,9807367,0,1,1,0,0,0,1,0,0,0,0,3,30,1
7.46,5.59,7.46,5.59,7.0,1,29000000,1,0,0,0,0,0,0,1,0,0,0,1,7,1
4.24,7.0,6.58,7.0,4.5,2,30500000,0,0,0,0,0,1,1,0,0,0,0,1,10,1
2.35,2.785,3.35,4.62,4.5,2,72300000,0,0,0,1,1,0,1,0,0,0,0,0,3,1
4.09,4.67,4.09,5.19,5.0,1,1000000,0,1,0,0,0,0,1,0,0,0,0,2,13,1
0.0,0.27,0.0,0.86,1.0,1,20000,0,1,0,0,0,0,0,0,0,1,0,2,5,0
0.0,0.0,0.69,0.69,1.0,2,650000,1,1,0,0,0,0,0,0,0,0,1,2,6,0
1.97,2.785,3.92,4.62,3.0,2,23000000,1,0,0,0,0,0,0,0,1,0,0,0,2,0
1.19,2.785,3.5,4.62,2.0,2,12050000,1,0,1,0,0,0,1,0,0,0,0,0,0,0
2.79,7.5,6.04,8.01,2.0,4,45000000,0,0,1,1,1,0,1,0,0,0,0,2,16,0
0.0,1.25,0.0,1.25,4.0,1,325000,0,1,0,0,0,0,1,0,0,0,0,1,4,0
0.75,2.0,2.33,2.0,3.0,2,15000000,0,0,1,1,0,0,1,0,0,0,0,1,6,1
0.75,1.58,2.75,4.53,3.0,2,3500000,0,0,1,1,0,0,1,0,0,0,0,2,5,1
5.95,2.785,5.95,4.62,4.0,1,21500000,0,0,0,0,1,0,0,0,0,1,0,0,1,1
3.88,2.67,7.2,7.2,3.0,4,28000000,1,0,0,1,1,0,1,0,0,0,0,2,3,0
9.17,2.785,9.2,4.62,1.0,2,17800000,1,0,0,0,0,0,1,0,0,0,0,0,0,0
5.48,2.785,5.48,4.62,6.0,1,30000000,0,0,0,0,1,0,1,0,0,0,0,0,5,1
0.0,0.11,0.0,0.11,2.0,1,5000000,0,0,1,0,0,0,0,0,1,0,0,1,2,0
3.21,3.0,3.21,4.62,2.0,1,2700000,0,0,1,0,0,0,0,0,1,0,0,2,5,1
1.65,4.15,3.65,4.68,3.75,4,20350000,0,1,1,1,0,0,0,1,0,0,0,3,12,1
0.58,0.63,1.65,4.26,2.5,2,540000,0,1,0,0,0,0,0,0,1,0,0,2,6,1
0.7,1.45,1.13,2.21,3.5,2,19000000,0,0,1,1,0,0,1,0,0,0,0,2,12,1
0.0,0.33,0.0,3.22,2.0,1,300000,0,1,0,0,0,0,1,0,0,0,0,4,5,0
0.01,2.785,1.15,1.23,1.5,3,900000,0,1,0,0,0,0,0,0,1,0,0,3,5,0
0.01,3.09,2.1,3.78,4.0,3,57500000,0,1,1,1,0,0,1,0,0,0,0,3,12,1
0.47,0.0,1.22,1.22,2.0,2,300000,0,1,0,1,0,0,1,0,0,0,0,2,5,0
0.21,4.63,2.21,5.55,1.0,2,8500000,0,0,1,1,0,0,1,0,0,0,0,3,8,1
0.42,3.6,3.42,4.85,2.25,4,14100000,0,1,1,1,0,0,1,0,0,0,0,4,19,1
1.67,5.84,5.3,8.35,3.4,6,78500000,0,0,1,1,1,1,0,0,0,0,1,3,27,1
8.45,2.785,8.45,4.62,3.0,1,42700000,0,0,0,1,0,0,1,0,0,0,0,0,1,0
0.76,2.78,4.41,4.0,2.25,4,34250000,1,0,1,1,1,0,1,0,0,0,0,2,14,1
0.25,1.16,1.0,1.16,2.0,5,185000,1,1,0,0,0,0,1,0,0,0,0,1,3,0
1.65,1.42,2.09,1.42,2.0,3,1830000,0,1,1,0,0,0,1,0,0,0,0,1,6,1
0.5,3.42,3.36,7.23,5.8,5,14400000,0,1,1,1,0,0,0,0,1,0,0,5,9,1
1.84,5.67,8.34,13.56,1.5,2,4900000,0,1,0,1,0,0,0,0,0,0,1,5,4,1
3.96,4.58,6.52,7.69,2.0,2,13250000,1,0,0,0,0,0,0,0,0,0,1,4,4,1
1.65,2.785,2.02,4.62,2.5,2,5000000,0,0,1,1,0,0,0,0,0,0,1,0,9,0
1.7,3.28,6.52,4.93,2.0,5,10764323,1,0,1,0,0,0,0,0,0,0,1,3,3,1
0.5,1.99,3.42,5.96,1.6667,3,13100000,0,1,0,1,1,0,1,0,0,0,0,5,14,1
1.09,1.61,1.09,2.17,7.0,1,10000000,0,0,1,0,0,0,1,0,0,0,0,2,6,1
0.67,0.0,0.67,0.0,1.0,1,2600000,0,0,0,0,0,0,1,0,0,0,0,1,2,0
4.35,6.17,4.35,9.09,4.0,1,10000000,0,0,0,1,0,0,0,0,1,0,0,3,7,1
0.84,1.64,1.41,1.64,2.5,2,18800000,0,0,1,1,0,0,0,0,1,0,0,1,4,1
0.77,0.31,0.77,1.15,1.0,1,2000000,0,0,0,0,0,0,1,0,0,0,0,2,3,0
0.7,2.4,2.13,4.05,3.0,3,5550000,0,0,1,1,0,0,1,0,0,0,0,4,10,1
5.98,4.0,7.39,4.0,4.0,3,80000000,1,0,0,0,0,1,1,0,0,0,0,1,5,1
0.0,0.58,0.0,0.58,1.0,1,20000,0,1,0,0,0,0,0,0,0,0,1,1,3,0
1.43,2.35,1.43,3.46,4.0,1,4000000,0,0,1,0,0,0,1,0,0,0,0,3,5,1
1.33,2.16,3.0,5.96,1.6667,3,3500000,1,1,1,0,0,0,0,1,0,0,0,6,8,1
1.87,2.785,6.48,4.62,2.0,5,21138876,1,0,1,1,0,0,1,0,0,0,0,0,4,0
0.67,2.785,0.67,0.86,3.0,1,50000,0,1,0,0,0,0,1,0,0,0,0,2,7,0
1.18,1.33,1.38,3.11,2.5,2,1900000,0,1,1,0,0,0,0,0,1,0,0,2,7,0
2.35,2.36,3.43,4.0,2.5,2,30000000,0,0,1,1,0,0,1,0,0,0,0,2,4,0
1.67,2.3,2.11,3.55,1.0,2,6100000,0,0,1,1,0,0,0,0,1,0,0,2,23,1
7.49,7.01,7.87,7.01,4.0,2,18000000,1,0,0,1,0,0,1,0,0,0,0,1,6,0
16.99,16.66,16.99,18.32,1.0,1,6000000,0,0,1,0,0,0,1,0,0,0,0,2,7,0
0.75,1.65,2.1,2.1,1.5,2,2000000,0,1,0,0,0,0,0,0,0,0,1,3,6,1
0.42,2.23,2.23,4.34,2.5,2,35000000,0,0,1,1,0,0,1,0,0,0,0,2,8,1
1.41,2.785,2.52,4.62,1.0,2,1213066,1,0,0,0,0,0,0,0,0,0,1,0,0,0
0.75,2.4,1.16,8.84,1.0,2,11500000,0,0,1,1,0,0,1,0,0,0,0,6,63,1
0.67,0.0,0.67,0.76,1.0,1,100000,0,1,0,0,0,0,1,0,0,0,0,2,3,0
10.36,5.84,10.36,5.84,5.0,1,21000000,1,0,0,0,0,0,0,0,0,0,1,1,4,0
0.34,4.17,5.23,5.72,4.5,4,53000000,0,1,1,1,1,0,1,0,0,0,0,3,13,1
0.93,0.83,2.95,2.74,2.0,3,3750000,0,1,1,0,0,0,0,0,1,0,0,3,2,1
0.52,0.25,1.1,2.06,11.5,2,3150000,0,1,1,0,0,0,1,0,0,0,0,2,12,1
2.07,7.01,9.38,7.01,3.25,5,39000000,0,0,0,1,1,1,0,1,0,0,0,1,13,1
0.76,2.78,4.41,4.0,2.25,4,34250000,1,0,1,1,1,0,1,0,0,0,0,2,14,1
1.65,4.69,2.52,4.69,2.0,2,6300000,0,0,1,1,0,0,1,0,0,0,0,1,7,1
10.53,2.785,10.53,4.62,1.0,1,2600000,1,0,0,0,0,0,1,0,0,0,0,0,0,0
1.65,2.785,0.23,4.62,1.0,2,5000000,1,1,0,0,0,0,1,0,0,0,0,0,5,0
3.09,0.5,9.32,9.53,3.3333,3,64000000,1,0,0,1,1,0,1,0,0,0,0,2,5,1
0.72,2.84,3.59,4.02,2.3333,4,66000000,1,0,1,1,1,0,1,0,0,0,0,4,17,1
0.0,1.0,1.25,5.44,2.0,2,3100000,0,1,1,0,0,0,1,0,0,0,0,4,4,1
1.65,2.785,3.61,5.77,2.5,2,26000000,0,0,1,0,1,0,1,0,0,0,0,4,10,1
0.72,0.54,3.71,3.63,2.6667,3,22100000,1,0,1,1,0,0,1,0,0,0,0,4,11,1
2.92,2.0,4.25,7.17,7.0,2,6500000,0,0,1,0,0,0,1,0,0,0,0,3,4,1
0.5,2.07,3.3,7.0,2.0,3,26500000,1,0,1,1,0,0,0,1,0,0,0,4,18,1
2.58,2.03,4.0,4.62,1.0,2,4900000,0,0,1,1,0,0,1,0,0,0,0,3,5,0
1.75,2.25,5.56,2.25,7.6667,3,69600000,1,0,0,1,0,1,1,0,0,0,0,1,5,1
0.0,0.0,0.0,0.0,1.0,1,20000,0,1,0,0,0,0,0,0,0,0,1,1,2,0
1.23,3.65,5.87,6.7,5.3333,4,33000000,1,0,1,1,1,0,0,0,0,0,1,2,4,1
2.42,2.5,2.42,8.4,2.0,1,7000000,0,0,0,1,0,0,1,0,0,0,0,4,5,1
0.53,2.25,1.92,2.98,4.0,3,2100000,1,1,0,0,0,0,1,0,0,0,0,2,12,0
4.75,5.85,5.23,7.76,1.0,2,30000000,1,0,0,0,0,0,0,0,0,1,0,3,10,1
4.09,4.0,5.58,4.0,2.5,2,12250000,0,0,0,1,1,0,1,0,0,0,0,1,8,1
1.65,2.785,3.15,4.41,1.0,3,1310000,0,1,0,0,0,0,1,0,0,0,0,4,3,1
0.16,1.51,2.18,2.18,1.5,4,3350000,0,1,1,1,0,0,0,0,0,0,1,2,3,1
2.16,6.0,5.85,6.0,2.25,4,72000000,0,0,1,1,1,0,1,0,0,0,0,1,3,0
4.54,2.0,9.34,2.0,3.5,2,19000000,1,0,0,1,0,0,0,1,0,0,0,1,2,0
3.85,4.96,4.83,7.26,1.5,3,9400000,0,1,1,1,0,0,1,0,0,0,0,3,18,1
0.0,0.58,0.58,0.59,1.0,2,125000,0,1,0,0,0,0,0,0,0,0,1,2,9,1
0.68,2.785,4.55,4.62,4.6667,5,85381111,0,0,1,1,1,0,0,1,0,0,0,0,2,1
0.0,0.0,2.35,5.16,2.3333,3,22487000,1,0,0,1,1,0,1,0,0,0,0,2,7,1
2.08,2.5,4.02,2.5,5.0,5,1178000,0,1,0,0,0,0,0,1,0,0,0,1,5,1
0.84,0.76,4.22,4.93,3.6667,3,24030000,0,0,1,1,0,0,1,0,0,0,0,3,18,1
6.26,1.0,6.26,1.0,1.0,1,10000000,1,0,0,0,0,0,0,0,0,0,1,1,2,1
1.58,2.25,1.58,2.53,1.0,1,3000000,0,0,1,0,0,0,0,0,0,1,0,2,14,0
0.0,2.785,0.0,4.62,2.0,1,120000,0,1,0,0,0,0,1,0,0,0,0,0,3,0
0.58,2.5,2.46,5.09,1.6667,3,28300000,0,0,1,1,1,0,0,1,0,0,0,4,17,1
1.65,2.785,0.0,0.86,2.0,2,55600000,0,0,1,1,0,0,0,0,0,0,1,2,9,0
4.93,0.0,4.93,0.0,4.0,1,12000000,0,0,0,0,1,0,0,1,0,0,0,1,2,0
2.47,0.59,4.83,5.62,1.0,2,5000000,0,0,1,1,0,0,0,0,0,0,1,6,4,0
1.65,2.785,3.61,7.45,1.0,1,4000000,0,0,1,0,0,0,1,0,0,0,0,4,9,1
5.68,5.01,6.32,5.01,2.5,2,15050000,1,0,0,0,1,0,0,1,0,0,0,1,4,1
0.92,3.0,2.78,3.65,2.5,2,9500000,0,0,1,1,0,0,1,0,0,0,0,2,6,1
0.0,0.04,1.67,0.04,1.0,2,1300000,1,1,0,0,0,0,1,0,0,0,0,1,2,0
4.84,2.785,4.84,4.62,2.0,1,10000000,0,0,0,1,0,0,1,0,0,0,0,0,2,0
0.05,0.07,0.05,0.4,1.0,1,100000,0,1,0,0,0,0,0,0,0,0,1,2,4,0
2.0,6.59,8.04,6.59,2.6667,4,29288979,1,0,1,1,1,0,1,0,0,0,0,1,9,1
5.0,5.5,5.0,5.5,1.0,1,6500000,1,0,0,0,0,0,0,0,0,0,1,1,3,1
0.08,1.42,1.84,2.34,1.5,3,11500000,0,1,1,1,0,0,1,0,0,0,0,3,3,1
0.03,4.52,2.21,6.91,2.6667,3,7175000,0,1,1,1,0,0,1,0,0,0,0,6,12,1
0.04,0.47,0.73,0.92,1.0,2,70000,0,1,0,0,0,0,1,0,0,0,0,2,4,1
10.88,15.5,10.88,15.5,2.0,1,1000000,0,0,1,0,0,0,1,0,0,0,0,1,3,0
0.65,3.84,3.55,6.56,3.6667,3,26000000,0,0,1,1,1,0,1,0,0,0,0,5,27,1
0.87,2.785,0.87,4.62,1.0,1,30000,0,1,0,0,0,0,0,0,0,1,0,0,1,0
2.7,1.0,4.0,1.0,4.0,2,19700000,1,0,0,1,0,0,1,0,0,0,0,1,2,0
0.41,6.83,0.41,8.87,1.0,1,100000,0,1,0,0,0,0,1,0,0,0,0,3,9,1
1.3,0.0,2.65,3.68,2.0,3,3282327,1,0,0,0,0,0,1,0,0,0,0,2,4,1
2.0,2.785,2.0,3.52,1.0,1,6000000,0,0,1,0,0,0,0,0,0,0,1,2,3,1
0.84,11.59,7.59,13.59,2.5,4,33000000,1,0,1,1,1,0,0,1,0,0,0,5,35,1
0.28,0.0,0.28,0.28,4.0,1,1200000,0,0,1,0,0,0,0,0,0,0,1,2,2,0
0.68,4.98,1.92,6.65,4.5,2,14300000,0,0,1,1,0,0,1,0,0,0,0,3,13,1
0.46,1.28,0.46,1.82,5.0,1,3500000,0,0,1,0,0,0,1,0,0,0,0,2,16,0
0.9,0.41,0.9,1.63,16.0,1,1420000,0,0,1,0,0,0,0,0,1,0,0,3,12,1
0.02,2.48,1.57,4.87,6.0,3,1310000,0,1,0,0,0,0,0,0,1,0,0,2,12,1
2.43,8.58,9.01,10.01,3.6667,6,64630000,1,0,0,1,1,0,1,0,0,0,0,3,10,1
0.68,0.33,1.31,2.59,9.0,2,4600000,0,1,1,0,0,0,0,1,0,0,0,2,5,1
2.0,4.57,3.56,4.57,2.0,2,2100000,1,1,0,0,0,0,0,0,0,0,1,1,3,0
1.35,4.52,2.16,4.52,2.0,2,10500000,0,0,1,1,0,0,1,0,0,0,0,1,3,0
4.53,5.53,4.53,5.53,4.0,1,1310000,1,0,0,0,0,0,1,0,0,0,0,1,1,0
4.82,0.25,4.82,0.25,1.0,1,5000000,1,0,0,0,0,0,0,0,0,1,0,1,1,0
6.13,7.17,6.13,7.17,2.0,1,8000000,0,0,0,1,0,0,1,0,0,0,0,1,5,1
0.54,2.785,1.5,2.21,3.0,2,1975000,1,1,0,0,0,0,0,0,0,0,1,2,6,1
3.81,1.75,5.18,3.59,3.0,2,17000000,1,0,0,0,1,0,1,0,0,0,0,2,2,0
1.16,2.785,1.16,2.96,7.0,1,205000,0,1,0,0,0,0,1,0,0,0,0,3,3,1
0.42,0.08,0.89,1.86,1.0,2,3250000,1,0,1,0,0,0,0,0,0,0,1,3,3,1
0.16,1.48,0.16,1.48,1.0,1,3000000,1,0,0,0,0,0,1,0,0,0,0,1,3,1
1.96,1.0,1.96,1.0,1.0,1,5000000,0,0,1,0,0,0,1,0,0,0,0,1,5,0
0.58,0.91,4.85,5.42,4.3333,5,78573646,0,0,1,1,1,0,1,0,0,0,0,4,10,1
1.65,5.76,5.23,7.49,2.5,5,37000000,1,0,1,1,1,0,0,0,1,0,0,3,31,1
0.8,0.0,0.8,1.41,1.0,1,5000000,0,0,1,0,0,0,1,0,0,0,0,2,5,0
0.17,0.17,0.53,2.44,6.0,2,983000,0,1,0,0,0,0,0,0,1,0,0,2,4,1
1.09,6.88,7.76,6.88,4.0,5,40000000,1,0,1,1,1,0,1,0,0,0,0,1,9,1
1.65,5.61,6.76,7.36,3.5,3,34100000,0,0,1,1,0,1,1,0,0,0,0,3,25,1
1.29,1.39,3.85,4.24,1.5,2,9356180,0,0,1,1,0,0,1,0,0,0,0,4,11,1
4.45,6.59,8.08,6.59,3.0,6,49008830,1,0,1,0,1,0,1,0,0,0,0,1,4,0
0.84,2.3,1.9,3.84,12.5,2,4950000,0,1,1,0,0,0,1,0,0,0,0,3,21,1
1.89,2.0,2.45,3.28,1.0,2,11500000,0,0,0,0,0,0,0,1,0,0,0,3,4,1
3.88,2.84,5.86,6.11,8.0,2,6700000,1,0,0,0,0,0,0,0,1,0,0,4,9,1
4.59,2.785,4.59,4.62,1.0,1,100000,1,0,0,0,0,0,0,0,0,0,1,0,1,0
2.58,0.58,4.61,10.22,1.5,2,7100000,0,1,1,0,0,0,1,0,0,0,0,3,3,1
1.0,4.0,8.88,9.19,9.3333,5,62600000,1,0,1,1,1,1,1,0,0,0,0,2,7,1
6.84,2.785,8.31,4.62,3.0,2,7300000,1,0,1,0,0,0,0,0,0,0,1,0,5,0
2.0,1.03,2.0,3.16,2.0,1,200000,0,1,0,0,0,0,0,0,1,0,0,3,8,0
1.31,1.0,1.31,1.31,1.0,1,500000,0,0,1,0,0,0,0,0,0,0,1,2,3,0
1.65,2.785,1.65,4.62,2.0,2,7500000,0,1,1,0,0,0,1,0,0,0,0,0,4,1
1.06,1.03,1.77,1.11,1.0,3,132885,0,1,0,0,0,0,0,0,0,0,1,2,6,0
0.0,0.0,0.0,0.0,1.0,1,250000,0,1,0,0,0,0,0,0,0,0,1,1,2,0
2.58,3.0,2.58,4.61,4.0,1,20000000,0,0,0,1,0,0,1,0,0,0,0,2,4,0
0.12,2.785,1.15,4.62,2.6667,3,42000000,0,0,1,1,1,0,0,1,0,0,0,0,7,1
2.32,2.785,4.24,4.62,3.0,2,10600000,1,0,0,1,0,0,0,0,0,0,1,1,2,0
0.96,6.04,5.72,6.88,2.3333,6,35200000,1,0,1,1,1,0,1,0,0,0,0,3,18,1
3.39,2.785,3.39,4.43,2.0,1,1500000,1,0,0,0,0,0,0,0,0,0,1,2,4,1
3.75,4.68,4.97,4.84,3.5,2,69000000,0,0,1,1,0,0,1,0,0,0,0,2,10,1
3.05,1.0,9.48,1.0,2.0,5,33000000,1,0,0,1,1,1,0,1,0,0,0,1,4,1
4.18,6.38,5.54,6.38,1.5,2,8000000,0,0,1,0,0,0,1,0,0,0,0,1,0,1
4.38,5.5,5.96,5.5,4.0,2,55000000,1,0,0,1,0,0,0,0,0,0,1,1,5,0
10.76,2.785,10.76,4.62,1.0,1,2000000,0,0,0,0,0,0,1,0,0,0,0,0,0,0
2.22,1.67,7.93,9.09,4.0,3,40300000,1,0,0,1,1,0,1,0,0,0,0,5,7,1
1.81,2.785,1.81,4.62,1.0,1,3000000,0,0,1,0,0,0,0,0,0,1,0,0,1,0
2.72,0.92,2.72,6.31,7.0,1,600000,0,1,0,0,0,0,1,0,0,0,0,3,5,1
2.17,3.09,3.08,4.78,1.6667,3,6693782,1,0,0,0,0,0,1,0,0,0,0,3,7,1
1.92,2.0,2.58,6.92,1.0,2,3600000,0,1,1,0,0,0,1,0,0,0,0,3,10,0
0.43,2.69,1.13,3.54,4.5,2,9800000,0,1,1,0,0,0,1,0,0,0,0,2,23,1
2.35,2.785,2.35,4.62,1.0,1,35000000,0,0,0,0,1,0,0,0,0,0,1,0,0,0
1.08,2.785,5.34,4.61,1.75,5,10400000,1,1,1,0,0,0,1,0,0,0,0,2,8,0
2.95,0.0,3.56,0.0,1.0,2,20757182,0,0,0,1,0,0,1,0,0,0,0,1,3,1
6.04,10.5,6.04,12.61,1.0,1,8000000,1,0,0,0,0,0,0,0,0,0,1,4,19,1
5.42,8.01,8.3,8.01,4.6667,3,65800000,1,0,0,0,0,1,1,0,0,0,0,1,6,1
0.68,2.92,0.68,4.23,3.0,1,4000000,0,0,1,0,0,0,1,0,0,0,0,3,15,1
0.21,0.16,1.08,2.65,3.0,4,4200000,0,1,1,0,0,0,0,0,1,0,0,3,3,1
0.75,8.01,7.09,9.87,1.0,2,15100000,0,1,1,0,0,0,0,0,1,0,0,3,5,1
2.07,2.785,2.07,4.62,5.0,1,25000000,0,0,0,0,0,1,0,1,0,0,0,1,3,1
2.78,4.16,5.0,10.75,5.0,3,17400000,1,0,0,0,1,0,1,0,0,0,0,2,2,1
1.42,1.0,1.42,1.0,2.0,1,6000000,0,0,0,1,0,0,1,0,0,0,0,1,7,1
1.65,2.785,0.67,4.62,4.0,3,22500000,1,0,1,0,0,0,1,0,0,0,0,0,20,1
6.57,2.785,7.16,4.62,3.5,3,148000000,1,0,0,1,0,0,1,0,0,0,0,0,1,0
1.82,3.9,1.82,5.91,1.0,1,2300000,0,0,1,0,0,0,1,0,0,0,0,3,15,1
0.12,1.83,1.34,2.67,7.0,2,8950000,0,0,1,0,0,0,1,0,0,0,0,2,24,1
1.62,2.785,5.33,4.62,3.0,2,10000000,1,0,1,0,0,0,1,0,0,0,0,1,5,1
0.89,0.83,0.89,4.21,4.0,1,1300000,0,1,0,0,0,0,1,0,0,0,0,4,8,1
4.28,2.42,4.28,5.52,3.0,1,400000,0,1,0,0,0,0,1,0,0,0,0,2,7,1
3.09,1.0,3.09,1.0,2.0,1,13400000,0,0,0,1,0,0,1,0,0,0,0,1,4,1
0.67,5.08,3.99,7.37,2.0,3,11015719,1,0,1,0,0,0,1,0,0,0,0,4,27,0
5.43,2.785,9.5,4.62,3.0,3,14000000,0,0,1,1,0,0,0,0,0,0,1,0,13,1
2.16,4.0,4.76,6.75,2.0,3,12000000,1,0,1,1,0,0,1,0,0,0,0,2,13,1
1.56,3.0,3.16,3.5,2.0,2,21750000,1,0,0,1,0,0,0,0,1,0,0,2,8,1
5.13,7.01,10.0,7.01,4.75,4,40100000,1,0,0,1,1,1,1,0,0,0,0,1,9,1
1.93,2.0,4.04,10.19,2.5,2,24300000,0,0,0,1,1,0,1,0,0,0,0,3,2,1
4.84,1.0,4.84,1.0,4.0,1,13000000,0,0,0,0,1,0,0,0,0,0,1,1,3,1
2.51,4.93,4.53,5.68,1.75,5,299500000,1,0,1,0,1,0,0,0,0,1,0,2,37,1
4.6,5.26,9.42,9.78,4.25,4,5700000000,0,0,0,0,0,0,0,0,0,0,1,2,19,1
8.1,11.84,12.37,12.05,2.3333,4,24200000,1,0,1,0,1,0,0,1,0,0,0,2,11,0
3.13,3.13,5.25,3.54,1.5,2,6760000,1,0,0,0,0,0,1,0,0,0,0,2,6,0
0.0,3.41,0.0,3.41,3.0,1,250000,0,1,0,0,0,0,1,0,0,0,0,1,3,0
1.65,0.14,3.61,0.14,1.0,1,355000,0,1,0,0,0,0,1,0,0,0,0,1,3,1
1.79,2.08,3.3,2.33,9.5,3,3352194,0,1,1,0,0,0,0,0,0,0,1,2,8,0
3.7,2.785,4.1,4.62,5.0,2,15000000,0,0,0,1,0,0,0,1,0,0,0,0,4,1
5.75,8.01,5.75,9.84,3.0,1,1000000,0,0,1,0,0,0,0,0,1,0,0,2,4,1
6.26,6.01,6.26,6.01,9.0,1,22200000,0,0,0,0,0,0,1,0,0,0,0,1,10,0
